,mean_content_accuracy,mean_content_sd
Full_Feat,0.059552534725799036,0.005541340158848958
No_Price,0.061451553704058526,0.003609802633428572
No_Vibe,0.04150707196999951,0.0024583273068998425
No_Stars,0.05742809338925391,0.002781161144374896
No_Neigh,0.05619610259490883,0.002728045182255652
No_Type,0.07455300172266957,0.0037557815649213173
Rated_No_Type,0.08443020408151977,0.003215395132785313
